experiment_id,ligand_id,compound,mode,affinity_kcal_mol,rmsd_lb,rmsd_ub
1,6,Oleic acid,1,-7.055,0.0,0.0
1,6,Oleic acid,2,-6.959,1.136,2.635
1,6,Oleic acid,3,-6.95,1.221,2.234
1,6,Oleic acid,4,-6.87,4.408,9.463
1,6,Oleic acid,5,-6.811,4.217,9.246
1,6,Oleic acid,6,-6.786,3.595,8.328
1,6,Oleic acid,7,-6.676,1.226,1.708
1,6,Oleic acid,8,-6.672,1.473,3.438
1,6,Oleic acid,9,-6.541,3.794,5.519
1,6,Oleic acid,10,-6.443,3.528,8.657
2,8,Quinic acid,1,-5.969,0.0,0.0
2,8,Quinic acid,2,-5.919,2.28,3.129
2,8,Quinic acid,3,-5.326,2.32,3.627
2,8,Quinic acid,4,-5.155,1.264,4.508
2,8,Quinic acid,5,-5.098,7.663,10.66
2,8,Quinic acid,6,-5.082,11.74,13.19
2,8,Quinic acid,7,-4.752,8.067,10.1
2,8,Quinic acid,8,-4.687,8.607,10.78
2,8,Quinic acid,9,-4.652,6.926,8.542
2,8,Quinic acid,10,-4.592,8.445,10.37
